{"name":"ibsV5","classpathEntries":[{"kind":"binary","path":"C:\\Program Files\\Java\\jdk1.8.0_91\\jre\\lib\\resources.jar","javadocContainerUrl":"https://docs.oracle.com/javase/1/docs/api/","isSystem":true,"isOwn":false,"isTest":false,"isJavaContent":false},{"kind":"binary","path":"C:\\Program Files\\Java\\jdk1.8.0_91\\jre\\lib\\rt.jar","javadocContainerUrl":"https://docs.oracle.com/javase/1/docs/api/","isSystem":true,"isOwn":false,"isTest":false,"isJavaContent":false},{"kind":"binary","path":"C:\\Program Files\\Java\\jdk1.8.0_91\\jre\\lib\\jsse.jar","javadocContainerUrl":"https://docs.oracle.com/javase/1/docs/api/","isSystem":true,"isOwn":false,"isTest":false,"isJavaContent":false},{"kind":"binary","path":"C:\\Program Files\\Java\\jdk1.8.0_91\\jre\\lib\\jce.jar","javadocContainerUrl":"https://docs.oracle.com/javase/1/docs/api/","isSystem":true,"isOwn":false,"isTest":false,"isJavaContent":false},{"kind":"binary","path":"C:\\Program Files\\Java\\jdk1.8.0_91\\jre\\lib\\charsets.jar","javadocContainerUrl":"https://docs.oracle.com/javase/1/docs/api/","isSystem":true,"isOwn":false,"isTest":false,"isJavaContent":false},{"kind":"binary","path":"C:\\Program Files\\Java\\jdk1.8.0_91\\jre\\lib\\jfr.jar","javadocContainerUrl":"https://docs.oracle.com/javase/1/docs/api/","isSystem":true,"isOwn":false,"isTest":false,"isJavaContent":false},{"kind":"binary","path":"C:\\Users\\SAYANTCH\\.m2\\repository\\org\\springframework\\spring-core\\5.2.1.RELEASE\\spring-core-5.2.1.RELEASE.jar","sourceContainerUrl":"file:/C:/Users/SAYANTCH/.m2/repository/org/springframework/spring-core/5.2.1.RELEASE/spring-core-5.2.1.RELEASE-sources.jar","isSystem":false,"isOwn":false,"isTest":false,"isJavaContent":false},{"kind":"binary","path":"C:\\Users\\SAYANTCH\\.m2\\repository\\org\\springframework\\spring-jcl\\5.2.1.RELEASE\\spring-jcl-5.2.1.RELEASE.jar","sourceContainerUrl":"file:/C:/Users/SAYANTCH/.m2/repository/org/springframework/spring-jcl/5.2.1.RELEASE/spring-jcl-5.2.1.RELEASE-sources.jar","isSystem":false,"isOwn":false,"isTest":false,"isJavaContent":false},{"kind":"binary","path":"C:\\Users\\SAYANTCH\\.m2\\repository\\org\\springframework\\spring-context\\5.2.1.RELEASE\\spring-context-5.2.1.RELEASE.jar","sourceContainerUrl":"file:/C:/Users/SAYANTCH/.m2/repository/org/springframework/spring-context/5.2.1.RELEASE/spring-context-5.2.1.RELEASE-sources.jar","isSystem":false,"isOwn":false,"isTest":false,"isJavaContent":false},{"kind":"binary","path":"C:\\Users\\SAYANTCH\\.m2\\repository\\org\\springframework\\spring-aop\\5.2.1.RELEASE\\spring-aop-5.2.1.RELEASE.jar","sourceContainerUrl":"file:/C:/Users/SAYANTCH/.m2/repository/org/springframework/spring-aop/5.2.1.RELEASE/spring-aop-5.2.1.RELEASE-sources.jar","isSystem":false,"isOwn":false,"isTest":false,"isJavaContent":false},{"kind":"binary","path":"C:\\Users\\SAYANTCH\\.m2\\repository\\org\\springframework\\spring-beans\\5.2.1.RELEASE\\spring-beans-5.2.1.RELEASE.jar","sourceContainerUrl":"file:/C:/Users/SAYANTCH/.m2/repository/org/springframework/spring-beans/5.2.1.RELEASE/spring-beans-5.2.1.RELEASE-sources.jar","isSystem":false,"isOwn":false,"isTest":false,"isJavaContent":false},{"kind":"binary","path":"C:\\Users\\SAYANTCH\\.m2\\repository\\org\\springframework\\spring-expression\\5.2.1.RELEASE\\spring-expression-5.2.1.RELEASE.jar","sourceContainerUrl":"file:/C:/Users/SAYANTCH/.m2/repository/org/springframework/spring-expression/5.2.1.RELEASE/spring-expression-5.2.1.RELEASE-sources.jar","isSystem":false,"isOwn":false,"isTest":false,"isJavaContent":false},{"kind":"binary","path":"C:\\Users\\SAYANTCH\\.m2\\repository\\org\\junit\\jupiter\\junit-jupiter-engine\\5.5.0\\junit-jupiter-engine-5.5.0.jar","sourceContainerUrl":"file:/C:/Users/SAYANTCH/.m2/repository/org/junit/jupiter/junit-jupiter-engine/5.5.0/junit-jupiter-engine-5.5.0-sources.jar","isSystem":false,"isOwn":false,"isTest":false,"isJavaContent":false},{"kind":"binary","path":"C:\\Users\\SAYANTCH\\.m2\\repository\\org\\apiguardian\\apiguardian-api\\1.1.0\\apiguardian-api-1.1.0.jar","sourceContainerUrl":"file:/C:/Users/SAYANTCH/.m2/repository/org/apiguardian/apiguardian-api/1.1.0/apiguardian-api-1.1.0-sources.jar","isSystem":false,"isOwn":false,"isTest":false,"isJavaContent":false},{"kind":"binary","path":"C:\\Users\\SAYANTCH\\.m2\\repository\\org\\junit\\platform\\junit-platform-engine\\1.5.0\\junit-platform-engine-1.5.0.jar","sourceContainerUrl":"file:/C:/Users/SAYANTCH/.m2/repository/org/junit/platform/junit-platform-engine/1.5.0/junit-platform-engine-1.5.0-sources.jar","isSystem":false,"isOwn":false,"isTest":false,"isJavaContent":false},{"kind":"binary","path":"C:\\Users\\SAYANTCH\\.m2\\repository\\org\\junit\\jupiter\\junit-jupiter-api\\5.5.0\\junit-jupiter-api-5.5.0.jar","sourceContainerUrl":"file:/C:/Users/SAYANTCH/.m2/repository/org/junit/jupiter/junit-jupiter-api/5.5.0/junit-jupiter-api-5.5.0-sources.jar","isSystem":false,"isOwn":false,"isTest":false,"isJavaContent":false},{"kind":"binary","path":"C:\\Users\\SAYANTCH\\.m2\\repository\\org\\opentest4j\\opentest4j\\1.2.0\\opentest4j-1.2.0.jar","sourceContainerUrl":"file:/C:/Users/SAYANTCH/.m2/repository/org/opentest4j/opentest4j/1.2.0/opentest4j-1.2.0-sources.jar","isSystem":false,"isOwn":false,"isTest":false,"isJavaContent":false},{"kind":"binary","path":"C:\\Users\\SAYANTCH\\.m2\\repository\\org\\junit\\platform\\junit-platform-commons\\1.5.0\\junit-platform-commons-1.5.0.jar","sourceContainerUrl":"file:/C:/Users/SAYANTCH/.m2/repository/org/junit/platform/junit-platform-commons/1.5.0/junit-platform-commons-1.5.0-sources.jar","isSystem":false,"isOwn":false,"isTest":false,"isJavaContent":false},{"kind":"binary","path":"C:\\oraclexe\\app\\oracle\\product\\11.2.0\\server\\jdbc\\lib\\ojdbc6.jar","isSystem":false,"isOwn":false,"isTest":false,"isJavaContent":false},{"kind":"binary","path":"C:\\Users\\SAYANTCH\\.m2\\repository\\log4j\\log4j\\1.2.17\\log4j-1.2.17.jar","sourceContainerUrl":"file:/C:/Users/SAYANTCH/.m2/repository/log4j/log4j/1.2.17/log4j-1.2.17-sources.jar","isSystem":false,"isOwn":false,"isTest":false,"isJavaContent":false},{"kind":"binary","path":"C:\\Users\\SAYANTCH\\.m2\\repository\\javax\\persistence\\javax.persistence-api\\2.2\\javax.persistence-api-2.2.jar","sourceContainerUrl":"file:/C:/Users/SAYANTCH/.m2/repository/javax/persistence/javax.persistence-api/2.2/javax.persistence-api-2.2-sources.jar","isSystem":false,"isOwn":false,"isTest":false,"isJavaContent":false},{"kind":"binary","path":"C:\\Users\\SAYANTCH\\.m2\\repository\\org\\hibernate\\hibernate-entitymanager\\5.4.0.Final\\hibernate-entitymanager-5.4.0.Final.jar","sourceContainerUrl":"file:/C:/Users/SAYANTCH/.m2/repository/org/hibernate/hibernate-entitymanager/5.4.0.Final/hibernate-entitymanager-5.4.0.Final-sources.jar","isSystem":false,"isOwn":false,"isTest":false,"isJavaContent":false},{"kind":"binary","path":"C:\\Users\\SAYANTCH\\.m2\\repository\\org\\jboss\\logging\\jboss-logging\\3.3.2.Final\\jboss-logging-3.3.2.Final.jar","sourceContainerUrl":"file:/C:/Users/SAYANTCH/.m2/repository/org/jboss/logging/jboss-logging/3.3.2.Final/jboss-logging-3.3.2.Final-sources.jar","isSystem":false,"isOwn":false,"isTest":false,"isJavaContent":false},{"kind":"binary","path":"C:\\Users\\SAYANTCH\\.m2\\repository\\org\\hibernate\\hibernate-core\\5.4.0.Final\\hibernate-core-5.4.0.Final.jar","sourceContainerUrl":"file:/C:/Users/SAYANTCH/.m2/repository/org/hibernate/hibernate-core/5.4.0.Final/hibernate-core-5.4.0.Final-sources.jar","isSystem":false,"isOwn":false,"isTest":false,"isJavaContent":false},{"kind":"binary","path":"C:\\Users\\SAYANTCH\\.m2\\repository\\org\\javassist\\javassist\\3.24.0-GA\\javassist-3.24.0-GA.jar","sourceContainerUrl":"file:/C:/Users/SAYANTCH/.m2/repository/org/javassist/javassist/3.24.0-GA/javassist-3.24.0-GA-sources.jar","isSystem":false,"isOwn":false,"isTest":false,"isJavaContent":false},{"kind":"binary","path":"C:\\Users\\SAYANTCH\\.m2\\repository\\antlr\\antlr\\2.7.7\\antlr-2.7.7.jar","isSystem":false,"isOwn":false,"isTest":false,"isJavaContent":false},{"kind":"binary","path":"C:\\Users\\SAYANTCH\\.m2\\repository\\org\\jboss\\jandex\\2.0.5.Final\\jandex-2.0.5.Final.jar","sourceContainerUrl":"file:/C:/Users/SAYANTCH/.m2/repository/org/jboss/jandex/2.0.5.Final/jandex-2.0.5.Final-sources.jar","isSystem":false,"isOwn":false,"isTest":false,"isJavaContent":false},{"kind":"binary","path":"C:\\Users\\SAYANTCH\\.m2\\repository\\com\\fasterxml\\classmate\\1.3.4\\classmate-1.3.4.jar","sourceContainerUrl":"file:/C:/Users/SAYANTCH/.m2/repository/com/fasterxml/classmate/1.3.4/classmate-1.3.4-sources.jar","isSystem":false,"isOwn":false,"isTest":false,"isJavaContent":false},{"kind":"binary","path":"C:\\Users\\SAYANTCH\\.m2\\repository\\javax\\activation\\javax.activation-api\\1.2.0\\javax.activation-api-1.2.0.jar","sourceContainerUrl":"file:/C:/Users/SAYANTCH/.m2/repository/javax/activation/javax.activation-api/1.2.0/javax.activation-api-1.2.0-sources.jar","isSystem":false,"isOwn":false,"isTest":false,"isJavaContent":false},{"kind":"binary","path":"C:\\Users\\SAYANTCH\\.m2\\repository\\javax\\xml\\bind\\jaxb-api\\2.3.1\\jaxb-api-2.3.1.jar","sourceContainerUrl":"file:/C:/Users/SAYANTCH/.m2/repository/javax/xml/bind/jaxb-api/2.3.1/jaxb-api-2.3.1-sources.jar","isSystem":false,"isOwn":false,"isTest":false,"isJavaContent":false},{"kind":"binary","path":"C:\\Users\\SAYANTCH\\.m2\\repository\\org\\glassfish\\jaxb\\jaxb-runtime\\2.3.1\\jaxb-runtime-2.3.1.jar","sourceContainerUrl":"file:/C:/Users/SAYANTCH/.m2/repository/org/glassfish/jaxb/jaxb-runtime/2.3.1/jaxb-runtime-2.3.1-sources.jar","isSystem":false,"isOwn":false,"isTest":false,"isJavaContent":false},{"kind":"binary","path":"C:\\Users\\SAYANTCH\\.m2\\repository\\org\\glassfish\\jaxb\\txw2\\2.3.1\\txw2-2.3.1.jar","sourceContainerUrl":"file:/C:/Users/SAYANTCH/.m2/repository/org/glassfish/jaxb/txw2/2.3.1/txw2-2.3.1-sources.jar","isSystem":false,"isOwn":false,"isTest":false,"isJavaContent":false},{"kind":"binary","path":"C:\\Users\\SAYANTCH\\.m2\\repository\\com\\sun\\istack\\istack-commons-runtime\\3.0.7\\istack-commons-runtime-3.0.7.jar","sourceContainerUrl":"file:/C:/Users/SAYANTCH/.m2/repository/com/sun/istack/istack-commons-runtime/3.0.7/istack-commons-runtime-3.0.7-sources.jar","isSystem":false,"isOwn":false,"isTest":false,"isJavaContent":false},{"kind":"binary","path":"C:\\Users\\SAYANTCH\\.m2\\repository\\org\\jvnet\\staxex\\stax-ex\\1.8\\stax-ex-1.8.jar","sourceContainerUrl":"file:/C:/Users/SAYANTCH/.m2/repository/org/jvnet/staxex/stax-ex/1.8/stax-ex-1.8-sources.jar","isSystem":false,"isOwn":false,"isTest":false,"isJavaContent":false},{"kind":"binary","path":"C:\\Users\\SAYANTCH\\.m2\\repository\\com\\sun\\xml\\fastinfoset\\FastInfoset\\1.2.15\\FastInfoset-1.2.15.jar","sourceContainerUrl":"file:/C:/Users/SAYANTCH/.m2/repository/com/sun/xml/fastinfoset/FastInfoset/1.2.15/FastInfoset-1.2.15-sources.jar","isSystem":false,"isOwn":false,"isTest":false,"isJavaContent":false},{"kind":"binary","path":"C:\\Users\\SAYANTCH\\.m2\\repository\\org\\dom4j\\dom4j\\2.1.1\\dom4j-2.1.1.jar","sourceContainerUrl":"file:/C:/Users/SAYANTCH/.m2/repository/org/dom4j/dom4j/2.1.1/dom4j-2.1.1-sources.jar","isSystem":false,"isOwn":false,"isTest":false,"isJavaContent":false},{"kind":"binary","path":"C:\\Users\\SAYANTCH\\.m2\\repository\\org\\hibernate\\common\\hibernate-commons-annotations\\5.1.0.Final\\hibernate-commons-annotations-5.1.0.Final.jar","sourceContainerUrl":"file:/C:/Users/SAYANTCH/.m2/repository/org/hibernate/common/hibernate-commons-annotations/5.1.0.Final/hibernate-commons-annotations-5.1.0.Final-sources.jar","isSystem":false,"isOwn":false,"isTest":false,"isJavaContent":false},{"kind":"binary","path":"C:\\Users\\SAYANTCH\\.m2\\repository\\net\\bytebuddy\\byte-buddy\\1.9.5\\byte-buddy-1.9.5.jar","sourceContainerUrl":"file:/C:/Users/SAYANTCH/.m2/repository/net/bytebuddy/byte-buddy/1.9.5/byte-buddy-1.9.5-sources.jar","isSystem":false,"isOwn":false,"isTest":false,"isJavaContent":false},{"kind":"binary","path":"C:\\Users\\SAYANTCH\\.m2\\repository\\org\\jboss\\spec\\javax\\transaction\\jboss-transaction-api_1.2_spec\\1.1.1.Final\\jboss-transaction-api_1.2_spec-1.1.1.Final.jar","sourceContainerUrl":"file:/C:/Users/SAYANTCH/.m2/repository/org/jboss/spec/javax/transaction/jboss-transaction-api_1.2_spec/1.1.1.Final/jboss-transaction-api_1.2_spec-1.1.1.Final-sources.jar","isSystem":false,"isOwn":false,"isTest":false,"isJavaContent":false},{"kind":"source","path":"C:\\Users\\SAYANTCH\\Desktop\\New folder\\ibsVersion5\\src\\main\\java","outputFolder":"C:\\Users\\SAYANTCH\\Desktop\\New folder\\ibsVersion5\\target\\classes","javadocContainerUrl":"file:/C:/Users/SAYANTCH/Desktop/New%20folder/ibsVersion5/target/site/apidocs","isSystem":false,"isOwn":true,"isTest":false,"isJavaContent":true},{"kind":"source","path":"C:\\Users\\SAYANTCH\\Desktop\\New folder\\ibsVersion5\\src\\test\\java","outputFolder":"C:\\Users\\SAYANTCH\\Desktop\\New folder\\ibsVersion5\\target\\test-classes","javadocContainerUrl":"file:/C:/Users/SAYANTCH/Desktop/New%20folder/ibsVersion5/target/site/apidocs","isSystem":false,"isOwn":true,"isTest":true,"isJavaContent":true},{"kind":"source","path":"C:\\Users\\SAYANTCH\\Desktop\\New folder\\ibsVersion5\\src\\main\\resources","outputFolder":"C:\\Users\\SAYANTCH\\Desktop\\New folder\\ibsVersion5\\target\\classes","isSystem":false,"isOwn":true,"isTest":false,"isJavaContent":false},{"kind":"source","path":"C:\\Users\\SAYANTCH\\Desktop\\New folder\\ibsVersion5\\src\\test\\resources","outputFolder":"C:\\Users\\SAYANTCH\\Desktop\\New folder\\ibsVersion5\\target\\test-classes","isSystem":false,"isOwn":true,"isTest":true,"isJavaContent":false},{"kind":"source","path":"C:\\Users\\SAYANTCH\\Desktop\\New folder\\ibsVersion5\\src\\test\\java","outputFolder":"C:\\Users\\SAYANTCH\\Desktop\\New folder\\ibsVersion5\\target\\test-classes","javadocContainerUrl":"file:/C:/Users/SAYANTCH/Desktop/New%20folder/ibsVersion5/target/site/apidocs","isSystem":false,"isOwn":true,"isTest":false,"isJavaContent":false}]}